{
  "S": {
    "precision": 0.486815415821501,
    "recall": 0.6060606060606061,
    "f1-score": 0.5399325084364455,
    "support": 396.0
  },
  "I": {
    "precision": 0.29651162790697677,
    "recall": 0.2236842105263158,
    "f1-score": 0.255,
    "support": 228.0
  },
  "R": {
    "precision": 0.25925925925925924,
    "recall": 0.19886363636363635,
    "f1-score": 0.22508038585209003,
    "support": 176.0
  },
  "accuracy": 0.4075,
  "macro avg": {
    "precision": 0.34752876766257906,
    "recall": 0.3428694843168527,
    "f1-score": 0.34000429809617855,
    "support": 800.0
  },
  "weighted avg": {
    "precision": 0.3825164818221684,
    "recall": 0.4075,
    "f1-score": 0.3894592765635004,
    "support": 800.0
  }
}