{
  "accuracy": 0.9781851851851852,
  "macro_f1": 0.9588954764439395,
  "micro_f1": 0.9781851851851852,
  "weighted_f1": 0.9778788387924439,
  "cohen_kappa": 0.9570208461274106,
  "f1_susceptible": 0.9964562129674255,
  "f1_intermediate": 0.9519458268744391,
  "f1_resistant": 0.9282843894899536,
  "top_2_accuracy": 0.9952962962962963
}