{
  "S": {
    "precision": 0.9929374540934516,
    "recall": 1.0,
    "f1-score": 0.9964562129674255,
    "support": 17574.0
  },
  "I": {
    "precision": 0.9263258177199111,
    "recall": 0.9790233260614197,
    "f1-score": 0.9519458268744391,
    "support": 5959.0
  },
  "R": {
    "precision": 1.0,
    "recall": 0.8661667147389674,
    "f1-score": 0.9282843894899536,
    "support": 3467.0
  },
  "accuracy": 0.9781851851851852,
  "macro avg": {
    "precision": 0.973087757271121,
    "recall": 0.9483966802667957,
    "f1-score": 0.9588954764439395,
    "support": 27000.0
  },
  "weighted avg": {
    "precision": 0.9791429024456025,
    "recall": 0.9781851851851852,
    "f1-score": 0.977878838792444,
    "support": 27000.0
  }
}