{
  "S": {
    "precision": 0.4796747967479675,
    "recall": 0.6051282051282051,
    "f1-score": 0.5351473922902494,
    "support": 195.0
  },
  "I": {
    "precision": 0.39325842696629215,
    "recall": 0.2713178294573643,
    "f1-score": 0.3211009174311927,
    "support": 129.0
  },
  "R": {
    "precision": 0.13846153846153847,
    "recall": 0.11842105263157894,
    "f1-score": 0.1276595744680851,
    "support": 76.0
  },
  "accuracy": 0.405,
  "macro avg": {
    "precision": 0.3371315873919327,
    "recall": 0.33162236240571613,
    "f1-score": 0.32796929472984243,
    "support": 400.0
  },
  "weighted avg": {
    "precision": 0.38697499841895566,
    "recall": 0.405,
    "f1-score": 0.3886947187619924,
    "support": 400.0
  }
}