{
  "accuracy": 0.405,
  "macro_f1": 0.32796929472984243,
  "micro_f1": 0.405,
  "weighted_f1": 0.3886947187619924,
  "cohen_kappa": 0.004277839952305684,
  "f1_susceptible": 0.5351473922902494,
  "f1_intermediate": 0.3211009174311927,
  "f1_resistant": 0.1276595744680851,
  "top_2_accuracy": 0.7375
}